-- phpMyAdmin SQL Dump
-- version 4.8.4
-- https://www.phpmyadmin.net/
--
-- Host: 10.35.249.182:3306
-- Erstellungszeit: 29. Jun 2019 um 17:16
-- Server-Version: 5.7.26
-- PHP-Version: 5.6.30

SET SQL_MODE = "NO_AUTO_VALUE_ON_ZERO";
SET AUTOCOMMIT = 0;
START TRANSACTION;
SET time_zone = "+00:00";


/*!40101 SET @OLD_CHARACTER_SET_CLIENT=@@CHARACTER_SET_CLIENT */;
/*!40101 SET @OLD_CHARACTER_SET_RESULTS=@@CHARACTER_SET_RESULTS */;
/*!40101 SET @OLD_COLLATION_CONNECTION=@@COLLATION_CONNECTION */;
/*!40101 SET NAMES utf8mb4 */;

--
-- Datenbank: `k66578_osh`
--

-- --------------------------------------------------------

--
-- Tabellenstruktur für Tabelle `cistern`
--

CREATE TABLE `cistern` (
  `id` int(11) NOT NULL,
  `name` varchar(45) NOT NULL,
  `volume` int(11) NOT NULL,
  `fill_level` int(11) NOT NULL,
  `fill_level_time` datetime DEFAULT NULL,
  `rain_area` decimal(45,5) NOT NULL,
  `coord_lat` decimal(45,5) NOT NULL,
  `coord_lon` decimal(45,5) NOT NULL,
  `weather_key` varchar(45) NOT NULL,
  `cluster_id` int(11) NOT NULL,
  `pump_private` int(11) NOT NULL,
  `pump_public` int(11) NOT NULL,
  `pump_public_active` tinyint(1) NOT NULL
) ENGINE=InnoDB DEFAULT CHARSET=utf8;

--
-- Daten für Tabelle `cistern`
--

INSERT INTO `cistern` (`id`, `name`, `volume`, `fill_level`, `fill_level_time`, `rain_area`, `coord_lat`, `coord_lon`, `weather_key`, `cluster_id`, `pump_private`, `pump_public`, `pump_public_active`) VALUES
(1, 'Hölscher, Heinz-Werner', 8000, 5837, '2019-06-28 17:51:57', '446.00000', '52.27264', '8.04980', 'acacac', 1, 1, 2, 0),
(2, 'Schmidt', 8000, 3082, '2019-06-28 17:51:57', '510.00000', '52.27264', '8.04980', 'acacac', 2, 3, 4, 0),
(3, 'Steinmeier', 8000, 1430, '2019-06-28 17:51:57', '479.00000', '52.27264', '8.04980', 'acacac', 3, 5, 6, 0),
(4, 'Merkel', 8000, 1949, '2019-06-28 17:51:57', '456.00000', '52.27264', '8.04980', 'acacac', 4, 7, 8, 0),
(5, 'Hölscher, Heinz-Werner', 8000, 4612, '2019-06-28 17:51:57', '539.00000', '52.27264', '8.04980', 'acacac', 5, 9, 10, 0),
(6, 'Hammel', 8000, 6546, '2019-06-28 17:51:57', '436.00000', '52.27264', '8.04980', 'acacac', 1, 11, 12, 0),
(7, 'Walter', 8000, 7288, '2019-06-28 17:51:57', '449.00000', '52.27264', '8.04980', 'acacac', 2, 13, 14, 0),
(8, 'Obama', 8000, 7028, '2019-06-28 17:51:57', '402.00000', '52.27264', '8.04980', 'acacac', 3, 15, 16, 0),
(9, 'May', 8000, 4863, '2019-06-28 17:51:57', '460.00000', '52.27264', '8.04980', 'acacac', 4, 17, 18, 0),
(10, 'Yoda', 8000, 4049, '2019-06-28 17:51:57', '393.00000', '52.27264', '8.04980', 'acacac', 5, 19, 20, 0),
(11, 'Müller', 8000, 3245, '2019-06-28 17:51:57', '396.00000', '52.27264', '8.04980', 'acacac', 1, 21, 22, 0),
(12, 'Schneider', 8000, 1768, '2019-06-28 17:51:57', '529.00000', '52.27264', '8.04980', 'acacac', 2, 23, 24, 0),
(13, 'Fischer', 8000, 4841, '2019-06-28 17:51:57', '507.00000', '52.27264', '8.04980', 'acacac', 3, 25, 26, 0),
(14, 'Weber', 8000, 7842, '2019-06-28 17:51:57', '508.00000', '52.27264', '8.04980', 'acacac', 4, 27, 28, 0),
(15, 'Meyer', 8000, 1555, '2019-06-28 17:51:57', '448.00000', '52.27264', '8.04980', 'acacac', 5, 29, 30, 0),
(16, 'Wagner', 8000, 5424, '2019-06-28 17:51:57', '452.00000', '52.27264', '8.04980', 'acacac', 1, 31, 32, 0),
(17, 'Richter', 8000, 2795, '2019-06-28 17:51:57', '468.00000', '52.27264', '8.04980', 'acacac', 2, 33, 34, 0),
(18, 'Schwarz', 8000, 2172, '2019-06-28 17:51:57', '398.00000', '52.27264', '8.04980', 'acacac', 3, 35, 36, 0),
(19, 'Krüger', 8000, 7467, '2019-06-28 17:51:57', '392.00000', '52.27264', '8.04980', 'acacac', 4, 37, 38, 0),
(20, 'Braun', 8000, 2243, '2019-06-28 17:51:57', '469.00000', '52.27264', '8.04980', 'acacac', 5, 39, 40, 0),
(21, 'Lange', 8000, 3976, '2019-06-28 17:51:57', '471.00000', '52.27264', '8.04980', 'acacac', 1, 41, 42, 0),
(22, 'König', 8000, 6293, '2019-06-28 17:51:57', '532.00000', '52.27264', '8.04980', 'acacac', 2, 43, 44, 0),
(23, 'Fuchs', 8000, 5230, '2019-06-28 17:51:57', '527.00000', '52.27264', '8.04980', 'acacac', 3, 45, 46, 0),
(24, 'Peters', 8000, 4477, '2019-06-28 17:51:57', '539.00000', '52.27264', '8.04980', 'acacac', 4, 47, 48, 0),
(25, 'Friedrich', 8000, 6241, '2019-06-29 11:08:03', '472.00000', '52.27264', '8.04980', 'acacac', 5, 49, 50, 0);

-- --------------------------------------------------------

--
-- Tabellenstruktur für Tabelle `cluster`
--

CREATE TABLE `cluster` (
  `id` int(11) NOT NULL,
  `name` varchar(45) NOT NULL
) ENGINE=InnoDB DEFAULT CHARSET=utf8;

--
-- Daten für Tabelle `cluster`
--

INSERT INTO `cluster` (`id`, `name`) VALUES
(1, 'Wüste'),
(2, 'Innenstadt'),
(3, 'Haste'),
(4, 'Westerberg'),
(5, 'Nahne');

-- --------------------------------------------------------

--
-- Tabellenstruktur für Tabelle `pump`
--

CREATE TABLE `pump` (
  `id` int(11) NOT NULL,
  `capacity` decimal(45,5) NOT NULL
) ENGINE=InnoDB DEFAULT CHARSET=utf8;

--
-- Daten für Tabelle `pump`
--

INSERT INTO `pump` (`id`, `capacity`) VALUES
(1, '1.65000'),
(2, '1.65000'),
(3, '1.65000'),
(4, '1.65000'),
(5, '1.65000'),
(6, '1.65000'),
(7, '1.65000'),
(8, '1.65000'),
(9, '1.65000'),
(10, '1.65000'),
(11, '1.65000'),
(12, '1.65000'),
(13, '1.65000'),
(14, '1.65000'),
(15, '1.65000'),
(16, '1.65000'),
(17, '1.65000'),
(18, '1.65000'),
(19, '1.65000'),
(20, '1.65000'),
(21, '1.65000'),
(22, '1.65000'),
(23, '1.65000'),
(24, '1.65000'),
(25, '1.65000'),
(26, '1.65000'),
(27, '1.65000'),
(28, '1.65000'),
(29, '1.65000'),
(30, '1.65000'),
(31, '1.65000'),
(32, '1.65000'),
(33, '1.65000'),
(34, '1.65000'),
(35, '1.65000'),
(36, '1.65000'),
(37, '1.65000'),
(38, '1.65000'),
(39, '1.65000'),
(40, '1.65000'),
(41, '1.65000'),
(42, '1.65000'),
(43, '1.65000'),
(44, '1.65000'),
(45, '1.65000'),
(46, '1.65000'),
(47, '1.65000'),
(48, '1.65000'),
(49, '1.65000'),
(50, '1.65000');

-- --------------------------------------------------------

--
-- Tabellenstruktur für Tabelle `pumpEvent`
--

CREATE TABLE `pumpEvent` (
  `pump_id` int(11) NOT NULL,
  `time` datetime NOT NULL,
  `volume` decimal(45,0) NOT NULL
) ENGINE=InnoDB DEFAULT CHARSET=utf8;

--
-- Daten für Tabelle `pumpEvent`
--

INSERT INTO `pumpEvent` (`pump_id`, `time`, `volume`) VALUES
(1, '2019-06-21 12:57:51', '114'),
(1, '2019-06-21 13:57:51', '62'),
(1, '2019-06-21 14:57:51', '179'),
(1, '2019-06-21 15:57:51', '57'),
(1, '2019-06-22 12:57:51', '83'),
(1, '2019-06-22 13:57:51', '60'),
(1, '2019-06-22 14:57:51', '200'),
(1, '2019-06-22 15:57:51', '96'),
(1, '2019-06-23 12:57:51', '102'),
(1, '2019-06-23 13:57:51', '126'),
(1, '2019-06-23 14:57:51', '113'),
(1, '2019-06-23 15:57:51', '91'),
(1, '2019-06-24 12:57:51', '137'),
(1, '2019-06-24 13:57:51', '94'),
(1, '2019-06-24 14:57:51', '148'),
(1, '2019-06-24 15:57:51', '140'),
(1, '2019-06-25 12:57:51', '79'),
(1, '2019-06-25 13:57:51', '175'),
(1, '2019-06-25 14:57:51', '159'),
(1, '2019-06-25 15:57:51', '118'),
(1, '2019-06-26 12:57:51', '198'),
(1, '2019-06-26 13:57:51', '55'),
(1, '2019-06-26 14:57:51', '76'),
(1, '2019-06-26 15:57:51', '123'),
(1, '2019-06-27 12:57:51', '83'),
(1, '2019-06-27 13:57:51', '96'),
(1, '2019-06-27 14:57:51', '53'),
(1, '2019-06-27 15:57:51', '178'),
(1, '2019-06-28 12:57:51', '154'),
(1, '2019-06-28 13:57:51', '133'),
(1, '2019-06-28 14:57:51', '172'),
(1, '2019-06-28 15:57:51', '80'),
(2, '2019-06-21 12:57:51', '0'),
(2, '2019-06-21 13:57:51', '3919'),
(2, '2019-06-21 14:57:51', '0'),
(2, '2019-06-21 15:57:51', '0'),
(2, '2019-06-22 12:57:51', '0'),
(2, '2019-06-22 13:57:51', '2877'),
(2, '2019-06-22 14:57:51', '0'),
(2, '2019-06-22 15:57:51', '4026'),
(2, '2019-06-23 12:57:51', '2247'),
(2, '2019-06-23 13:57:51', '0'),
(2, '2019-06-23 14:57:51', '0'),
(2, '2019-06-23 15:57:51', '2492'),
(2, '2019-06-24 12:57:51', '0'),
(2, '2019-06-24 13:57:51', '0'),
(2, '2019-06-24 14:57:51', '3413'),
(2, '2019-06-24 15:57:51', '0'),
(2, '2019-06-25 12:57:51', '4493'),
(2, '2019-06-25 13:57:51', '0'),
(2, '2019-06-25 14:57:51', '0'),
(2, '2019-06-25 15:57:51', '0'),
(2, '2019-06-26 12:57:51', '0'),
(2, '2019-06-26 13:57:51', '0'),
(2, '2019-06-26 14:57:51', '0'),
(2, '2019-06-26 15:57:51', '3399'),
(2, '2019-06-27 12:57:51', '0'),
(2, '2019-06-27 13:57:51', '2651'),
(2, '2019-06-27 14:57:51', '0'),
(2, '2019-06-27 15:57:51', '0'),
(2, '2019-06-28 12:57:51', '0'),
(2, '2019-06-28 13:57:51', '3373'),
(2, '2019-06-28 14:57:51', '0'),
(2, '2019-06-28 15:57:51', '0'),
(3, '2019-06-21 12:57:51', '72'),
(3, '2019-06-21 13:57:51', '136'),
(3, '2019-06-21 14:57:51', '163'),
(3, '2019-06-21 15:57:51', '112'),
(3, '2019-06-22 12:57:51', '189'),
(3, '2019-06-22 13:57:51', '56'),
(3, '2019-06-22 14:57:51', '90'),
(3, '2019-06-22 15:57:51', '109'),
(3, '2019-06-23 12:57:51', '182'),
(3, '2019-06-23 13:57:51', '164'),
(3, '2019-06-23 14:57:51', '133'),
(3, '2019-06-23 15:57:51', '51'),
(3, '2019-06-24 12:57:51', '58'),
(3, '2019-06-24 13:57:51', '181'),
(3, '2019-06-24 14:57:51', '107'),
(3, '2019-06-24 15:57:51', '73'),
(3, '2019-06-25 12:57:51', '197'),
(3, '2019-06-25 13:57:51', '54'),
(3, '2019-06-25 14:57:51', '54'),
(3, '2019-06-25 15:57:51', '87'),
(3, '2019-06-26 12:57:51', '153'),
(3, '2019-06-26 13:57:51', '110'),
(3, '2019-06-26 14:57:51', '94'),
(3, '2019-06-26 15:57:51', '78'),
(3, '2019-06-27 12:57:51', '155'),
(3, '2019-06-27 13:57:51', '146'),
(3, '2019-06-27 14:57:51', '116'),
(3, '2019-06-27 15:57:51', '108'),
(3, '2019-06-28 12:57:51', '57'),
(3, '2019-06-28 13:57:51', '185'),
(3, '2019-06-28 14:57:51', '89'),
(3, '2019-06-28 15:57:51', '162'),
(4, '2019-06-21 12:57:51', '0'),
(4, '2019-06-21 13:57:51', '3046'),
(4, '2019-06-21 14:57:51', '1617'),
(4, '2019-06-21 15:57:51', '0'),
(4, '2019-06-22 12:57:51', '0'),
(4, '2019-06-22 13:57:51', '3944'),
(4, '2019-06-22 14:57:51', '0'),
(4, '2019-06-22 15:57:51', '0'),
(4, '2019-06-23 12:57:51', '0'),
(4, '2019-06-23 13:57:51', '0'),
(4, '2019-06-23 14:57:51', '0'),
(4, '2019-06-23 15:57:51', '0'),
(4, '2019-06-24 12:57:51', '0'),
(4, '2019-06-24 13:57:51', '4074'),
(4, '2019-06-24 14:57:51', '3283'),
(4, '2019-06-24 15:57:51', '4242'),
(4, '2019-06-25 12:57:51', '0'),
(4, '2019-06-25 13:57:51', '0'),
(4, '2019-06-25 14:57:51', '0'),
(4, '2019-06-25 15:57:51', '0'),
(4, '2019-06-26 12:57:51', '0'),
(4, '2019-06-26 13:57:51', '2594'),
(4, '2019-06-26 14:57:51', '1629'),
(4, '2019-06-26 15:57:51', '0'),
(4, '2019-06-27 12:57:51', '0'),
(4, '2019-06-27 13:57:51', '0'),
(4, '2019-06-27 14:57:51', '2861'),
(4, '2019-06-27 15:57:51', '0'),
(4, '2019-06-28 12:57:51', '1784'),
(4, '2019-06-28 13:57:51', '0'),
(4, '2019-06-28 14:57:51', '0'),
(4, '2019-06-28 15:57:51', '0'),
(5, '2019-06-21 12:57:51', '115'),
(5, '2019-06-21 13:57:51', '177'),
(5, '2019-06-21 14:57:51', '174'),
(5, '2019-06-21 15:57:51', '126'),
(5, '2019-06-22 12:57:51', '182'),
(5, '2019-06-22 13:57:51', '54'),
(5, '2019-06-22 14:57:51', '141'),
(5, '2019-06-22 15:57:51', '106'),
(5, '2019-06-23 12:57:51', '86'),
(5, '2019-06-23 13:57:51', '143'),
(5, '2019-06-23 14:57:51', '126'),
(5, '2019-06-23 15:57:51', '75'),
(5, '2019-06-24 12:57:51', '172'),
(5, '2019-06-24 13:57:51', '54'),
(5, '2019-06-24 14:57:51', '134'),
(5, '2019-06-24 15:57:51', '57'),
(5, '2019-06-25 12:57:51', '104'),
(5, '2019-06-25 13:57:51', '75'),
(5, '2019-06-25 14:57:51', '95'),
(5, '2019-06-25 15:57:51', '151'),
(5, '2019-06-26 12:57:51', '76'),
(5, '2019-06-26 13:57:51', '115'),
(5, '2019-06-26 14:57:51', '164'),
(5, '2019-06-26 15:57:51', '78'),
(5, '2019-06-27 12:57:51', '55'),
(5, '2019-06-27 13:57:51', '161'),
(5, '2019-06-27 14:57:51', '119'),
(5, '2019-06-27 15:57:51', '88'),
(5, '2019-06-28 12:57:51', '82'),
(5, '2019-06-28 13:57:51', '123'),
(5, '2019-06-28 14:57:51', '117'),
(5, '2019-06-28 15:57:51', '55'),
(6, '2019-06-21 12:57:51', '1016'),
(6, '2019-06-21 13:57:51', '0'),
(6, '2019-06-21 14:57:51', '0'),
(6, '2019-06-21 15:57:51', '0'),
(6, '2019-06-22 12:57:51', '4164'),
(6, '2019-06-22 13:57:51', '0'),
(6, '2019-06-22 14:57:51', '1574'),
(6, '2019-06-22 15:57:51', '0'),
(6, '2019-06-23 12:57:51', '2003'),
(6, '2019-06-23 13:57:51', '0'),
(6, '2019-06-23 14:57:51', '4467'),
(6, '2019-06-23 15:57:51', '0'),
(6, '2019-06-24 12:57:51', '0'),
(6, '2019-06-24 13:57:51', '0'),
(6, '2019-06-24 14:57:51', '0'),
(6, '2019-06-24 15:57:51', '1116'),
(6, '2019-06-25 12:57:51', '0'),
(6, '2019-06-25 13:57:51', '0'),
(6, '2019-06-25 14:57:51', '0'),
(6, '2019-06-25 15:57:51', '0'),
(6, '2019-06-26 12:57:51', '0'),
(6, '2019-06-26 13:57:51', '0'),
(6, '2019-06-26 14:57:51', '0'),
(6, '2019-06-26 15:57:51', '2047'),
(6, '2019-06-27 12:57:51', '0'),
(6, '2019-06-27 13:57:51', '0'),
(6, '2019-06-27 14:57:51', '0'),
(6, '2019-06-27 15:57:51', '3080'),
(6, '2019-06-28 12:57:51', '0'),
(6, '2019-06-28 13:57:51', '1432'),
(6, '2019-06-28 14:57:51', '0'),
(6, '2019-06-28 15:57:51', '0'),
(7, '2019-06-21 12:57:51', '197'),
(7, '2019-06-21 13:57:51', '137'),
(7, '2019-06-21 14:57:51', '114'),
(7, '2019-06-21 15:57:51', '162'),
(7, '2019-06-22 12:57:51', '186'),
(7, '2019-06-22 13:57:51', '134'),
(7, '2019-06-22 14:57:51', '149'),
(7, '2019-06-22 15:57:51', '148'),
(7, '2019-06-23 12:57:51', '169'),
(7, '2019-06-23 13:57:51', '185'),
(7, '2019-06-23 14:57:51', '124'),
(7, '2019-06-23 15:57:51', '143'),
(7, '2019-06-24 12:57:51', '94'),
(7, '2019-06-24 13:57:51', '182'),
(7, '2019-06-24 14:57:51', '99'),
(7, '2019-06-24 15:57:51', '152'),
(7, '2019-06-25 12:57:51', '135'),
(7, '2019-06-25 13:57:51', '91'),
(7, '2019-06-25 14:57:51', '61'),
(7, '2019-06-25 15:57:51', '104'),
(7, '2019-06-26 12:57:51', '90'),
(7, '2019-06-26 13:57:51', '106'),
(7, '2019-06-26 14:57:51', '72'),
(7, '2019-06-26 15:57:51', '155'),
(7, '2019-06-27 12:57:51', '133'),
(7, '2019-06-27 13:57:51', '193'),
(7, '2019-06-27 14:57:51', '116'),
(7, '2019-06-27 15:57:51', '83'),
(7, '2019-06-28 12:57:51', '62'),
(7, '2019-06-28 13:57:51', '95'),
(7, '2019-06-28 14:57:51', '104'),
(7, '2019-06-28 15:57:51', '194'),
(8, '2019-06-21 12:57:51', '1158'),
(8, '2019-06-21 13:57:51', '0'),
(8, '2019-06-21 14:57:51', '0'),
(8, '2019-06-21 15:57:51', '0'),
(8, '2019-06-22 12:57:51', '0'),
(8, '2019-06-22 13:57:51', '0'),
(8, '2019-06-22 14:57:51', '0'),
(8, '2019-06-22 15:57:51', '0'),
(8, '2019-06-23 12:57:51', '0'),
(8, '2019-06-23 13:57:51', '0'),
(8, '2019-06-23 14:57:51', '1716'),
(8, '2019-06-23 15:57:51', '0'),
(8, '2019-06-24 12:57:51', '0'),
(8, '2019-06-24 13:57:51', '0'),
(8, '2019-06-24 14:57:51', '0'),
(8, '2019-06-24 15:57:51', '0'),
(8, '2019-06-25 12:57:51', '0'),
(8, '2019-06-25 13:57:51', '3628'),
(8, '2019-06-25 14:57:51', '1151'),
(8, '2019-06-25 15:57:51', '1797'),
(8, '2019-06-26 12:57:51', '0'),
(8, '2019-06-26 13:57:51', '0'),
(8, '2019-06-26 14:57:51', '0'),
(8, '2019-06-26 15:57:51', '0'),
(8, '2019-06-27 12:57:51', '0'),
(8, '2019-06-27 13:57:51', '0'),
(8, '2019-06-27 14:57:51', '4051'),
(8, '2019-06-27 15:57:51', '0'),
(8, '2019-06-28 12:57:51', '0'),
(8, '2019-06-28 13:57:51', '3978'),
(8, '2019-06-28 14:57:51', '0'),
(8, '2019-06-28 15:57:51', '0'),
(9, '2019-06-21 12:57:51', '186'),
(9, '2019-06-21 13:57:51', '74'),
(9, '2019-06-21 14:57:51', '149'),
(9, '2019-06-21 15:57:51', '127'),
(9, '2019-06-22 12:57:51', '132'),
(9, '2019-06-22 13:57:51', '60'),
(9, '2019-06-22 14:57:51', '174'),
(9, '2019-06-22 15:57:51', '56'),
(9, '2019-06-23 12:57:51', '198'),
(9, '2019-06-23 13:57:51', '165'),
(9, '2019-06-23 14:57:51', '198'),
(9, '2019-06-23 15:57:51', '182'),
(9, '2019-06-24 12:57:51', '124'),
(9, '2019-06-24 13:57:51', '148'),
(9, '2019-06-24 14:57:51', '75'),
(9, '2019-06-24 15:57:51', '76'),
(9, '2019-06-25 12:57:51', '180'),
(9, '2019-06-25 13:57:51', '146'),
(9, '2019-06-25 14:57:51', '188'),
(9, '2019-06-25 15:57:51', '137'),
(9, '2019-06-26 12:57:51', '106'),
(9, '2019-06-26 13:57:51', '69'),
(9, '2019-06-26 14:57:51', '88'),
(9, '2019-06-26 15:57:51', '89'),
(9, '2019-06-27 12:57:51', '171'),
(9, '2019-06-27 13:57:51', '55'),
(9, '2019-06-27 14:57:51', '158'),
(9, '2019-06-27 15:57:51', '181'),
(9, '2019-06-28 12:57:51', '115'),
(9, '2019-06-28 13:57:51', '165'),
(9, '2019-06-28 14:57:51', '100'),
(9, '2019-06-28 15:57:51', '134'),
(10, '2019-06-21 12:57:51', '0'),
(10, '2019-06-21 13:57:51', '0'),
(10, '2019-06-21 14:57:51', '0'),
(10, '2019-06-21 15:57:51', '0'),
(10, '2019-06-22 12:57:51', '0'),
(10, '2019-06-22 13:57:51', '2664'),
(10, '2019-06-22 14:57:51', '0'),
(10, '2019-06-22 15:57:51', '0'),
(10, '2019-06-23 12:57:51', '0'),
(10, '2019-06-23 13:57:51', '2423'),
(10, '2019-06-23 14:57:51', '0'),
(10, '2019-06-23 15:57:51', '4012'),
(10, '2019-06-24 12:57:51', '0'),
(10, '2019-06-24 13:57:51', '0'),
(10, '2019-06-24 14:57:51', '0'),
(10, '2019-06-24 15:57:51', '0'),
(10, '2019-06-25 12:57:51', '3713'),
(10, '2019-06-25 13:57:51', '0'),
(10, '2019-06-25 14:57:51', '4241'),
(10, '2019-06-25 15:57:51', '0'),
(10, '2019-06-26 12:57:51', '0'),
(10, '2019-06-26 13:57:51', '0'),
(10, '2019-06-26 14:57:51', '0'),
(10, '2019-06-26 15:57:51', '0'),
(10, '2019-06-27 12:57:51', '0'),
(10, '2019-06-27 13:57:51', '0'),
(10, '2019-06-27 14:57:51', '0'),
(10, '2019-06-27 15:57:51', '0'),
(10, '2019-06-28 12:57:51', '3488'),
(10, '2019-06-28 13:57:51', '1964'),
(10, '2019-06-28 14:57:51', '0'),
(10, '2019-06-28 15:57:51', '0'),
(11, '2019-06-21 12:57:51', '169'),
(11, '2019-06-21 13:57:51', '98'),
(11, '2019-06-21 14:57:51', '62'),
(11, '2019-06-21 15:57:51', '138'),
(11, '2019-06-22 12:57:51', '200'),
(11, '2019-06-22 13:57:51', '179'),
(11, '2019-06-22 14:57:51', '183'),
(11, '2019-06-22 15:57:51', '87'),
(11, '2019-06-23 12:57:51', '77'),
(11, '2019-06-23 13:57:51', '100'),
(11, '2019-06-23 14:57:51', '151'),
(11, '2019-06-23 15:57:51', '113'),
(11, '2019-06-24 12:57:51', '162'),
(11, '2019-06-24 13:57:51', '166'),
(11, '2019-06-24 14:57:51', '142'),
(11, '2019-06-24 15:57:51', '183'),
(11, '2019-06-25 12:57:51', '140'),
(11, '2019-06-25 13:57:51', '157'),
(11, '2019-06-25 14:57:51', '103'),
(11, '2019-06-25 15:57:51', '190'),
(11, '2019-06-26 12:57:51', '71'),
(11, '2019-06-26 13:57:51', '77'),
(11, '2019-06-26 14:57:51', '58'),
(11, '2019-06-26 15:57:51', '100'),
(11, '2019-06-27 12:57:51', '93'),
(11, '2019-06-27 13:57:51', '157'),
(11, '2019-06-27 14:57:51', '105'),
(11, '2019-06-27 15:57:51', '106'),
(11, '2019-06-28 12:57:51', '115'),
(11, '2019-06-28 13:57:51', '100'),
(11, '2019-06-28 14:57:51', '118'),
(11, '2019-06-28 15:57:51', '175'),
(12, '2019-06-21 12:57:51', '0'),
(12, '2019-06-21 13:57:51', '4031'),
(12, '2019-06-21 14:57:51', '0'),
(12, '2019-06-21 15:57:51', '0'),
(12, '2019-06-22 12:57:51', '0'),
(12, '2019-06-22 13:57:51', '2510'),
(12, '2019-06-22 14:57:51', '0'),
(12, '2019-06-22 15:57:51', '4045'),
(12, '2019-06-23 12:57:51', '4181'),
(12, '2019-06-23 13:57:51', '0'),
(12, '2019-06-23 14:57:51', '0'),
(12, '2019-06-23 15:57:51', '0'),
(12, '2019-06-24 12:57:51', '2993'),
(12, '2019-06-24 13:57:51', '0'),
(12, '2019-06-24 14:57:51', '1399'),
(12, '2019-06-24 15:57:51', '3551'),
(12, '2019-06-25 12:57:51', '0'),
(12, '2019-06-25 13:57:51', '0'),
(12, '2019-06-25 14:57:51', '3336'),
(12, '2019-06-25 15:57:51', '0'),
(12, '2019-06-26 12:57:51', '0'),
(12, '2019-06-26 13:57:51', '3278'),
(12, '2019-06-26 14:57:51', '2371'),
(12, '2019-06-26 15:57:51', '0'),
(12, '2019-06-27 12:57:51', '0'),
(12, '2019-06-27 13:57:51', '0'),
(12, '2019-06-27 14:57:51', '0'),
(12, '2019-06-27 15:57:51', '2322'),
(12, '2019-06-28 12:57:51', '0'),
(12, '2019-06-28 13:57:51', '2137'),
(12, '2019-06-28 14:57:51', '3271'),
(12, '2019-06-28 15:57:51', '3151'),
(13, '2019-06-21 12:57:51', '182'),
(13, '2019-06-21 13:57:51', '147'),
(13, '2019-06-21 14:57:51', '78'),
(13, '2019-06-21 15:57:51', '165'),
(13, '2019-06-22 12:57:51', '153'),
(13, '2019-06-22 13:57:51', '64'),
(13, '2019-06-22 14:57:51', '60'),
(13, '2019-06-22 15:57:51', '120'),
(13, '2019-06-23 12:57:51', '104'),
(13, '2019-06-23 13:57:51', '115'),
(13, '2019-06-23 14:57:51', '80'),
(13, '2019-06-23 15:57:51', '126'),
(13, '2019-06-24 12:57:51', '58'),
(13, '2019-06-24 13:57:51', '116'),
(13, '2019-06-24 14:57:51', '125'),
(13, '2019-06-24 15:57:51', '114'),
(13, '2019-06-25 12:57:51', '115'),
(13, '2019-06-25 13:57:51', '109'),
(13, '2019-06-25 14:57:51', '104'),
(13, '2019-06-25 15:57:51', '87'),
(13, '2019-06-26 12:57:51', '146'),
(13, '2019-06-26 13:57:51', '63'),
(13, '2019-06-26 14:57:51', '156'),
(13, '2019-06-26 15:57:51', '125'),
(13, '2019-06-27 12:57:51', '100'),
(13, '2019-06-27 13:57:51', '169'),
(13, '2019-06-27 14:57:51', '189'),
(13, '2019-06-27 15:57:51', '83'),
(13, '2019-06-28 12:57:51', '152'),
(13, '2019-06-28 13:57:51', '93'),
(13, '2019-06-28 14:57:51', '190'),
(13, '2019-06-28 15:57:51', '192'),
(14, '2019-06-21 12:57:51', '3102'),
(14, '2019-06-21 13:57:51', '1874'),
(14, '2019-06-21 14:57:51', '0'),
(14, '2019-06-21 15:57:51', '0'),
(14, '2019-06-22 12:57:51', '0'),
(14, '2019-06-22 13:57:51', '0'),
(14, '2019-06-22 14:57:51', '0'),
(14, '2019-06-22 15:57:51', '0'),
(14, '2019-06-23 12:57:51', '0'),
(14, '2019-06-23 13:57:51', '3679'),
(14, '2019-06-23 14:57:51', '0'),
(14, '2019-06-23 15:57:51', '0'),
(14, '2019-06-24 12:57:51', '0'),
(14, '2019-06-24 13:57:51', '0'),
(14, '2019-06-24 14:57:51', '0'),
(14, '2019-06-24 15:57:51', '0'),
(14, '2019-06-25 12:57:51', '0'),
(14, '2019-06-25 13:57:51', '0'),
(14, '2019-06-25 14:57:51', '0'),
(14, '2019-06-25 15:57:51', '0'),
(14, '2019-06-26 12:57:51', '0'),
(14, '2019-06-26 13:57:51', '3128'),
(14, '2019-06-26 14:57:51', '0'),
(14, '2019-06-26 15:57:51', '0'),
(14, '2019-06-27 12:57:51', '0'),
(14, '2019-06-27 13:57:51', '0'),
(14, '2019-06-27 14:57:51', '0'),
(14, '2019-06-27 15:57:51', '3767'),
(14, '2019-06-28 12:57:51', '0'),
(14, '2019-06-28 13:57:51', '0'),
(14, '2019-06-28 14:57:51', '3818'),
(14, '2019-06-28 15:57:51', '0'),
(15, '2019-06-21 12:57:51', '125'),
(15, '2019-06-21 13:57:51', '120'),
(15, '2019-06-21 14:57:51', '140'),
(15, '2019-06-21 15:57:51', '119'),
(15, '2019-06-22 12:57:51', '162'),
(15, '2019-06-22 13:57:51', '179'),
(15, '2019-06-22 14:57:51', '65'),
(15, '2019-06-22 15:57:51', '175'),
(15, '2019-06-23 12:57:51', '114'),
(15, '2019-06-23 13:57:51', '129'),
(15, '2019-06-23 14:57:51', '98'),
(15, '2019-06-23 15:57:51', '96'),
(15, '2019-06-24 12:57:51', '119'),
(15, '2019-06-24 13:57:51', '51'),
(15, '2019-06-24 14:57:51', '185'),
(15, '2019-06-24 15:57:51', '77'),
(15, '2019-06-25 12:57:51', '88'),
(15, '2019-06-25 13:57:51', '100'),
(15, '2019-06-25 14:57:51', '50'),
(15, '2019-06-25 15:57:51', '82'),
(15, '2019-06-26 12:57:51', '156'),
(15, '2019-06-26 13:57:51', '54'),
(15, '2019-06-26 14:57:51', '92'),
(15, '2019-06-26 15:57:51', '156'),
(15, '2019-06-27 12:57:51', '84'),
(15, '2019-06-27 13:57:51', '70'),
(15, '2019-06-27 14:57:51', '185'),
(15, '2019-06-27 15:57:51', '114'),
(15, '2019-06-28 12:57:51', '159'),
(15, '2019-06-28 13:57:51', '75'),
(15, '2019-06-28 14:57:51', '125'),
(15, '2019-06-28 15:57:51', '150'),
(16, '2019-06-21 12:57:51', '0'),
(16, '2019-06-21 13:57:51', '0'),
(16, '2019-06-21 14:57:51', '0'),
(16, '2019-06-21 15:57:51', '0'),
(16, '2019-06-22 12:57:51', '1947'),
(16, '2019-06-22 13:57:51', '0'),
(16, '2019-06-22 14:57:51', '1564'),
(16, '2019-06-22 15:57:51', '0'),
(16, '2019-06-23 12:57:51', '0'),
(16, '2019-06-23 13:57:51', '0'),
(16, '2019-06-23 14:57:51', '3097'),
(16, '2019-06-23 15:57:51', '0'),
(16, '2019-06-24 12:57:51', '3723'),
(16, '2019-06-24 13:57:51', '3140'),
(16, '2019-06-24 14:57:51', '0'),
(16, '2019-06-24 15:57:51', '0'),
(16, '2019-06-25 12:57:51', '1785'),
(16, '2019-06-25 13:57:51', '0'),
(16, '2019-06-25 14:57:51', '0'),
(16, '2019-06-25 15:57:51', '0'),
(16, '2019-06-26 12:57:51', '2964'),
(16, '2019-06-26 13:57:51', '0'),
(16, '2019-06-26 14:57:51', '4059'),
(16, '2019-06-26 15:57:51', '0'),
(16, '2019-06-27 12:57:51', '3362'),
(16, '2019-06-27 13:57:51', '0'),
(16, '2019-06-27 14:57:51', '0'),
(16, '2019-06-27 15:57:51', '0'),
(16, '2019-06-28 12:57:51', '0'),
(16, '2019-06-28 13:57:51', '0'),
(16, '2019-06-28 14:57:51', '0'),
(16, '2019-06-28 15:57:51', '0'),
(17, '2019-06-21 12:57:51', '85'),
(17, '2019-06-21 13:57:51', '101'),
(17, '2019-06-21 14:57:51', '54'),
(17, '2019-06-21 15:57:51', '63'),
(17, '2019-06-22 12:57:51', '50'),
(17, '2019-06-22 13:57:51', '135'),
(17, '2019-06-22 14:57:51', '86'),
(17, '2019-06-22 15:57:51', '58'),
(17, '2019-06-23 12:57:51', '131'),
(17, '2019-06-23 13:57:51', '114'),
(17, '2019-06-23 14:57:51', '150'),
(17, '2019-06-23 15:57:51', '112'),
(17, '2019-06-24 12:57:51', '142'),
(17, '2019-06-24 13:57:51', '174'),
(17, '2019-06-24 14:57:51', '176'),
(17, '2019-06-24 15:57:51', '174'),
(17, '2019-06-25 12:57:51', '128'),
(17, '2019-06-25 13:57:51', '75'),
(17, '2019-06-25 14:57:51', '169'),
(17, '2019-06-25 15:57:51', '117'),
(17, '2019-06-26 12:57:51', '54'),
(17, '2019-06-26 13:57:51', '104'),
(17, '2019-06-26 14:57:51', '58'),
(17, '2019-06-26 15:57:51', '191'),
(17, '2019-06-27 12:57:51', '114'),
(17, '2019-06-27 13:57:51', '171'),
(17, '2019-06-27 14:57:51', '149'),
(17, '2019-06-27 15:57:51', '117'),
(17, '2019-06-28 12:57:51', '125'),
(17, '2019-06-28 13:57:51', '112'),
(17, '2019-06-28 14:57:51', '71'),
(17, '2019-06-28 15:57:51', '145'),
(18, '2019-06-21 12:57:51', '0'),
(18, '2019-06-21 13:57:51', '0'),
(18, '2019-06-21 14:57:51', '0'),
(18, '2019-06-21 15:57:51', '0'),
(18, '2019-06-22 12:57:51', '0'),
(18, '2019-06-22 13:57:51', '0'),
(18, '2019-06-22 14:57:51', '0'),
(18, '2019-06-22 15:57:51', '0'),
(18, '2019-06-23 12:57:51', '0'),
(18, '2019-06-23 13:57:51', '0'),
(18, '2019-06-23 14:57:51', '0'),
(18, '2019-06-23 15:57:51', '1934'),
(18, '2019-06-24 12:57:51', '0'),
(18, '2019-06-24 13:57:51', '0'),
(18, '2019-06-24 14:57:51', '0'),
(18, '2019-06-24 15:57:51', '0'),
(18, '2019-06-25 12:57:51', '0'),
(18, '2019-06-25 13:57:51', '0'),
(18, '2019-06-25 14:57:51', '0'),
(18, '2019-06-25 15:57:51', '3250'),
(18, '2019-06-26 12:57:51', '0'),
(18, '2019-06-26 13:57:51', '1355'),
(18, '2019-06-26 14:57:51', '3021'),
(18, '2019-06-26 15:57:51', '0'),
(18, '2019-06-27 12:57:51', '0'),
(18, '2019-06-27 13:57:51', '0'),
(18, '2019-06-27 14:57:51', '0'),
(18, '2019-06-27 15:57:51', '0'),
(18, '2019-06-28 12:57:51', '3231'),
(18, '2019-06-28 13:57:51', '0'),
(18, '2019-06-28 14:57:51', '2165'),
(18, '2019-06-28 15:57:51', '0'),
(19, '2019-06-21 12:57:51', '82'),
(19, '2019-06-21 13:57:51', '189'),
(19, '2019-06-21 14:57:51', '122'),
(19, '2019-06-21 15:57:51', '94'),
(19, '2019-06-22 12:57:51', '104'),
(19, '2019-06-22 13:57:51', '196'),
(19, '2019-06-22 14:57:51', '94'),
(19, '2019-06-22 15:57:51', '194'),
(19, '2019-06-23 12:57:51', '150'),
(19, '2019-06-23 13:57:51', '64'),
(19, '2019-06-23 14:57:51', '64'),
(19, '2019-06-23 15:57:51', '101'),
(19, '2019-06-24 12:57:51', '149'),
(19, '2019-06-24 13:57:51', '196'),
(19, '2019-06-24 14:57:51', '74'),
(19, '2019-06-24 15:57:51', '179'),
(19, '2019-06-25 12:57:51', '105'),
(19, '2019-06-25 13:57:51', '160'),
(19, '2019-06-25 14:57:51', '90'),
(19, '2019-06-25 15:57:51', '112'),
(19, '2019-06-26 12:57:51', '98'),
(19, '2019-06-26 13:57:51', '57'),
(19, '2019-06-26 14:57:51', '156'),
(19, '2019-06-26 15:57:51', '111'),
(19, '2019-06-27 12:57:51', '133'),
(19, '2019-06-27 13:57:51', '62'),
(19, '2019-06-27 14:57:51', '86'),
(19, '2019-06-27 15:57:51', '164'),
(19, '2019-06-28 12:57:51', '140'),
(19, '2019-06-28 13:57:51', '121'),
(19, '2019-06-28 14:57:51', '76'),
(19, '2019-06-28 15:57:51', '179'),
(20, '2019-06-21 12:57:51', '0'),
(20, '2019-06-21 13:57:51', '0'),
(20, '2019-06-21 14:57:51', '0'),
(20, '2019-06-21 15:57:51', '0'),
(20, '2019-06-22 12:57:51', '0'),
(20, '2019-06-22 13:57:51', '0'),
(20, '2019-06-22 14:57:51', '0'),
(20, '2019-06-22 15:57:51', '0'),
(20, '2019-06-23 12:57:51', '0'),
(20, '2019-06-23 13:57:51', '0'),
(20, '2019-06-23 14:57:51', '0'),
(20, '2019-06-23 15:57:51', '0'),
(20, '2019-06-24 12:57:51', '0'),
(20, '2019-06-24 13:57:51', '0'),
(20, '2019-06-24 14:57:51', '0'),
(20, '2019-06-24 15:57:51', '0'),
(20, '2019-06-25 12:57:51', '0'),
(20, '2019-06-25 13:57:51', '3759'),
(20, '2019-06-25 14:57:51', '0'),
(20, '2019-06-25 15:57:51', '0'),
(20, '2019-06-26 12:57:51', '3218'),
(20, '2019-06-26 13:57:51', '0'),
(20, '2019-06-26 14:57:51', '0'),
(20, '2019-06-26 15:57:51', '0'),
(20, '2019-06-27 12:57:51', '4064'),
(20, '2019-06-27 13:57:51', '3128'),
(20, '2019-06-27 14:57:51', '0'),
(20, '2019-06-27 15:57:51', '4354'),
(20, '2019-06-28 12:57:51', '1060'),
(20, '2019-06-28 13:57:51', '0'),
(20, '2019-06-28 14:57:51', '0'),
(20, '2019-06-28 15:57:51', '0'),
(21, '2019-06-21 12:57:51', '145'),
(21, '2019-06-21 13:57:51', '150'),
(21, '2019-06-21 14:57:51', '198'),
(21, '2019-06-21 15:57:51', '139'),
(21, '2019-06-22 12:57:51', '179'),
(21, '2019-06-22 13:57:51', '163'),
(21, '2019-06-22 14:57:51', '93'),
(21, '2019-06-22 15:57:51', '67'),
(21, '2019-06-23 12:57:51', '126'),
(21, '2019-06-23 13:57:51', '163'),
(21, '2019-06-23 14:57:51', '83'),
(21, '2019-06-23 15:57:51', '60'),
(21, '2019-06-24 12:57:51', '179'),
(21, '2019-06-24 13:57:51', '60'),
(21, '2019-06-24 14:57:51', '171'),
(21, '2019-06-24 15:57:51', '141'),
(21, '2019-06-25 12:57:51', '153'),
(21, '2019-06-25 13:57:51', '142'),
(21, '2019-06-25 14:57:51', '137'),
(21, '2019-06-25 15:57:51', '107'),
(21, '2019-06-26 12:57:51', '92'),
(21, '2019-06-26 13:57:51', '168'),
(21, '2019-06-26 14:57:51', '135'),
(21, '2019-06-26 15:57:51', '133'),
(21, '2019-06-27 12:57:51', '113'),
(21, '2019-06-27 13:57:51', '124'),
(21, '2019-06-27 14:57:51', '95'),
(21, '2019-06-27 15:57:51', '167'),
(21, '2019-06-28 12:57:51', '108'),
(21, '2019-06-28 13:57:51', '72'),
(21, '2019-06-28 14:57:51', '173'),
(21, '2019-06-28 15:57:51', '81'),
(22, '2019-06-21 12:57:51', '1268'),
(22, '2019-06-21 13:57:51', '3753'),
(22, '2019-06-21 14:57:51', '0'),
(22, '2019-06-21 15:57:51', '0'),
(22, '2019-06-22 12:57:51', '0'),
(22, '2019-06-22 13:57:51', '3947'),
(22, '2019-06-22 14:57:51', '1173'),
(22, '2019-06-22 15:57:51', '1166'),
(22, '2019-06-23 12:57:51', '0'),
(22, '2019-06-23 13:57:51', '0'),
(22, '2019-06-23 14:57:51', '0'),
(22, '2019-06-23 15:57:51', '0'),
(22, '2019-06-24 12:57:51', '0'),
(22, '2019-06-24 13:57:51', '0'),
(22, '2019-06-24 14:57:51', '0'),
(22, '2019-06-24 15:57:51', '0'),
(22, '2019-06-25 12:57:51', '0'),
(22, '2019-06-25 13:57:51', '0'),
(22, '2019-06-25 14:57:51', '0'),
(22, '2019-06-25 15:57:51', '0'),
(22, '2019-06-26 12:57:51', '0'),
(22, '2019-06-26 13:57:51', '0'),
(22, '2019-06-26 14:57:51', '1517'),
(22, '2019-06-26 15:57:51', '0'),
(22, '2019-06-27 12:57:51', '0'),
(22, '2019-06-27 13:57:51', '0'),
(22, '2019-06-27 14:57:51', '3842'),
(22, '2019-06-27 15:57:51', '0'),
(22, '2019-06-28 12:57:51', '3456'),
(22, '2019-06-28 13:57:51', '0'),
(22, '2019-06-28 14:57:51', '0'),
(22, '2019-06-28 15:57:51', '0'),
(23, '2019-06-21 12:57:51', '82'),
(23, '2019-06-21 13:57:51', '115'),
(23, '2019-06-21 14:57:51', '176'),
(23, '2019-06-21 15:57:51', '152'),
(23, '2019-06-22 12:57:51', '197'),
(23, '2019-06-22 13:57:51', '136'),
(23, '2019-06-22 14:57:51', '91'),
(23, '2019-06-22 15:57:51', '83'),
(23, '2019-06-23 12:57:51', '140'),
(23, '2019-06-23 13:57:51', '172'),
(23, '2019-06-23 14:57:51', '91'),
(23, '2019-06-23 15:57:51', '182'),
(23, '2019-06-24 12:57:51', '104'),
(23, '2019-06-24 13:57:51', '133'),
(23, '2019-06-24 14:57:51', '180'),
(23, '2019-06-24 15:57:51', '172'),
(23, '2019-06-25 12:57:51', '55'),
(23, '2019-06-25 13:57:51', '157'),
(23, '2019-06-25 14:57:51', '137'),
(23, '2019-06-25 15:57:51', '150'),
(23, '2019-06-26 12:57:51', '188'),
(23, '2019-06-26 13:57:51', '153'),
(23, '2019-06-26 14:57:51', '117'),
(23, '2019-06-26 15:57:51', '141'),
(23, '2019-06-27 12:57:51', '167'),
(23, '2019-06-27 13:57:51', '107'),
(23, '2019-06-27 14:57:51', '200'),
(23, '2019-06-27 15:57:51', '93'),
(23, '2019-06-28 12:57:51', '186'),
(23, '2019-06-28 13:57:51', '82'),
(23, '2019-06-28 14:57:51', '90'),
(23, '2019-06-28 15:57:51', '181'),
(24, '2019-06-21 12:57:51', '0'),
(24, '2019-06-21 13:57:51', '3047'),
(24, '2019-06-21 14:57:51', '0'),
(24, '2019-06-21 15:57:51', '0'),
(24, '2019-06-22 12:57:51', '0'),
(24, '2019-06-22 13:57:51', '0'),
(24, '2019-06-22 14:57:51', '1100'),
(24, '2019-06-22 15:57:51', '0'),
(24, '2019-06-23 12:57:51', '0'),
(24, '2019-06-23 13:57:51', '1808'),
(24, '2019-06-23 14:57:51', '0'),
(24, '2019-06-23 15:57:51', '0'),
(24, '2019-06-24 12:57:51', '1908'),
(24, '2019-06-24 13:57:51', '0'),
(24, '2019-06-24 14:57:51', '0'),
(24, '2019-06-24 15:57:51', '0'),
(24, '2019-06-25 12:57:51', '0'),
(24, '2019-06-25 13:57:51', '1825'),
(24, '2019-06-25 14:57:51', '2469'),
(24, '2019-06-25 15:57:51', '4383'),
(24, '2019-06-26 12:57:51', '3150'),
(24, '2019-06-26 13:57:51', '2995'),
(24, '2019-06-26 14:57:51', '0'),
(24, '2019-06-26 15:57:51', '1189'),
(24, '2019-06-27 12:57:51', '0'),
(24, '2019-06-27 13:57:51', '0'),
(24, '2019-06-27 14:57:51', '2159'),
(24, '2019-06-27 15:57:51', '0'),
(24, '2019-06-28 12:57:51', '0'),
(24, '2019-06-28 13:57:51', '0'),
(24, '2019-06-28 14:57:51', '0'),
(24, '2019-06-28 15:57:51', '0'),
(25, '2019-06-21 12:57:51', '188'),
(25, '2019-06-21 13:57:51', '195'),
(25, '2019-06-21 14:57:51', '190'),
(25, '2019-06-21 15:57:51', '197'),
(25, '2019-06-22 12:57:51', '103'),
(25, '2019-06-22 13:57:51', '154'),
(25, '2019-06-22 14:57:51', '196'),
(25, '2019-06-22 15:57:51', '110'),
(25, '2019-06-23 12:57:51', '75'),
(25, '2019-06-23 13:57:51', '107'),
(25, '2019-06-23 14:57:51', '74'),
(25, '2019-06-23 15:57:51', '68'),
(25, '2019-06-24 12:57:51', '90'),
(25, '2019-06-24 13:57:51', '136'),
(25, '2019-06-24 14:57:51', '72'),
(25, '2019-06-24 15:57:51', '112'),
(25, '2019-06-25 12:57:51', '59'),
(25, '2019-06-25 13:57:51', '94'),
(25, '2019-06-25 14:57:51', '65'),
(25, '2019-06-25 15:57:51', '59'),
(25, '2019-06-26 12:57:51', '118'),
(25, '2019-06-26 13:57:51', '60'),
(25, '2019-06-26 14:57:51', '150'),
(25, '2019-06-26 15:57:51', '103'),
(25, '2019-06-27 12:57:51', '179'),
(25, '2019-06-27 13:57:51', '192'),
(25, '2019-06-27 14:57:51', '50'),
(25, '2019-06-27 15:57:51', '60'),
(25, '2019-06-28 12:57:51', '75'),
(25, '2019-06-28 13:57:51', '115'),
(25, '2019-06-28 14:57:51', '165'),
(25, '2019-06-28 15:57:51', '122'),
(26, '2019-06-21 12:57:51', '0'),
(26, '2019-06-21 13:57:51', '0'),
(26, '2019-06-21 14:57:51', '0'),
(26, '2019-06-21 15:57:51', '0'),
(26, '2019-06-22 12:57:51', '3085'),
(26, '2019-06-22 13:57:51', '0'),
(26, '2019-06-22 14:57:51', '0'),
(26, '2019-06-22 15:57:51', '0'),
(26, '2019-06-23 12:57:51', '0'),
(26, '2019-06-23 13:57:51', '1782'),
(26, '2019-06-23 14:57:51', '0'),
(26, '2019-06-23 15:57:51', '0'),
(26, '2019-06-24 12:57:51', '0'),
(26, '2019-06-24 13:57:51', '0'),
(26, '2019-06-24 14:57:51', '0'),
(26, '2019-06-24 15:57:51', '0'),
(26, '2019-06-25 12:57:51', '1598'),
(26, '2019-06-25 13:57:51', '0'),
(26, '2019-06-25 14:57:51', '3616'),
(26, '2019-06-25 15:57:51', '0'),
(26, '2019-06-26 12:57:51', '0'),
(26, '2019-06-26 13:57:51', '0'),
(26, '2019-06-26 14:57:51', '0'),
(26, '2019-06-26 15:57:51', '3113'),
(26, '2019-06-27 12:57:51', '0'),
(26, '2019-06-27 13:57:51', '0'),
(26, '2019-06-27 14:57:51', '0'),
(26, '2019-06-27 15:57:51', '1587'),
(26, '2019-06-28 12:57:51', '3775'),
(26, '2019-06-28 13:57:51', '0'),
(26, '2019-06-28 14:57:51', '2613'),
(26, '2019-06-28 15:57:51', '4077'),
(27, '2019-06-21 12:57:51', '112'),
(27, '2019-06-21 13:57:51', '144'),
(27, '2019-06-21 14:57:51', '67'),
(27, '2019-06-21 15:57:51', '141'),
(27, '2019-06-22 12:57:51', '151'),
(27, '2019-06-22 13:57:51', '75'),
(27, '2019-06-22 14:57:51', '93'),
(27, '2019-06-22 15:57:51', '84'),
(27, '2019-06-23 12:57:51', '183'),
(27, '2019-06-23 13:57:51', '92'),
(27, '2019-06-23 14:57:51', '103'),
(27, '2019-06-23 15:57:51', '153'),
(27, '2019-06-24 12:57:51', '174'),
(27, '2019-06-24 13:57:51', '182'),
(27, '2019-06-24 14:57:51', '180'),
(27, '2019-06-24 15:57:51', '145'),
(27, '2019-06-25 12:57:51', '167'),
(27, '2019-06-25 13:57:51', '102'),
(27, '2019-06-25 14:57:51', '175'),
(27, '2019-06-25 15:57:51', '84'),
(27, '2019-06-26 12:57:51', '129'),
(27, '2019-06-26 13:57:51', '140'),
(27, '2019-06-26 14:57:51', '171'),
(27, '2019-06-26 15:57:51', '68'),
(27, '2019-06-27 12:57:51', '102'),
(27, '2019-06-27 13:57:51', '57'),
(27, '2019-06-27 14:57:51', '171'),
(27, '2019-06-27 15:57:51', '122'),
(27, '2019-06-28 12:57:51', '54'),
(27, '2019-06-28 13:57:51', '141'),
(27, '2019-06-28 14:57:51', '105'),
(27, '2019-06-28 15:57:51', '193'),
(28, '2019-06-21 12:57:51', '0'),
(28, '2019-06-21 13:57:51', '0'),
(28, '2019-06-21 14:57:51', '0'),
(28, '2019-06-21 15:57:51', '0'),
(28, '2019-06-22 12:57:51', '0'),
(28, '2019-06-22 13:57:51', '1874'),
(28, '2019-06-22 14:57:51', '0'),
(28, '2019-06-22 15:57:51', '0'),
(28, '2019-06-23 12:57:51', '0'),
(28, '2019-06-23 13:57:51', '0'),
(28, '2019-06-23 14:57:51', '0'),
(28, '2019-06-23 15:57:51', '0'),
(28, '2019-06-24 12:57:51', '0'),
(28, '2019-06-24 13:57:51', '0'),
(28, '2019-06-24 14:57:51', '2630'),
(28, '2019-06-24 15:57:51', '0'),
(28, '2019-06-25 12:57:51', '0'),
(28, '2019-06-25 13:57:51', '3193'),
(28, '2019-06-25 14:57:51', '0'),
(28, '2019-06-25 15:57:51', '1906'),
(28, '2019-06-26 12:57:51', '0'),
(28, '2019-06-26 13:57:51', '0'),
(28, '2019-06-26 14:57:51', '0'),
(28, '2019-06-26 15:57:51', '3888'),
(28, '2019-06-27 12:57:51', '3911'),
(28, '2019-06-27 13:57:51', '0'),
(28, '2019-06-27 14:57:51', '1456'),
(28, '2019-06-27 15:57:51', '0'),
(28, '2019-06-28 12:57:51', '0'),
(28, '2019-06-28 13:57:51', '3901'),
(28, '2019-06-28 14:57:51', '0'),
(28, '2019-06-28 15:57:51', '0'),
(29, '2019-06-21 12:57:51', '97'),
(29, '2019-06-21 13:57:51', '102'),
(29, '2019-06-21 14:57:51', '146'),
(29, '2019-06-21 15:57:51', '105'),
(29, '2019-06-22 12:57:51', '56'),
(29, '2019-06-22 13:57:51', '145'),
(29, '2019-06-22 14:57:51', '105'),
(29, '2019-06-22 15:57:51', '79'),
(29, '2019-06-23 12:57:51', '74'),
(29, '2019-06-23 13:57:51', '152'),
(29, '2019-06-23 14:57:51', '192'),
(29, '2019-06-23 15:57:51', '132'),
(29, '2019-06-24 12:57:51', '118'),
(29, '2019-06-24 13:57:51', '107'),
(29, '2019-06-24 14:57:51', '184'),
(29, '2019-06-24 15:57:51', '61'),
(29, '2019-06-25 12:57:51', '78'),
(29, '2019-06-25 13:57:51', '72'),
(29, '2019-06-25 14:57:51', '86'),
(29, '2019-06-25 15:57:51', '192'),
(29, '2019-06-26 12:57:51', '74'),
(29, '2019-06-26 13:57:51', '185'),
(29, '2019-06-26 14:57:51', '130'),
(29, '2019-06-26 15:57:51', '170'),
(29, '2019-06-27 12:57:51', '147'),
(29, '2019-06-27 13:57:51', '53'),
(29, '2019-06-27 14:57:51', '168'),
(29, '2019-06-27 15:57:51', '170'),
(29, '2019-06-28 12:57:51', '114'),
(29, '2019-06-28 13:57:51', '115'),
(29, '2019-06-28 14:57:51', '131'),
(29, '2019-06-28 15:57:51', '140'),
(30, '2019-06-21 12:57:51', '0'),
(30, '2019-06-21 13:57:51', '2604'),
(30, '2019-06-21 14:57:51', '1700'),
(30, '2019-06-21 15:57:51', '0'),
(30, '2019-06-22 12:57:51', '0'),
(30, '2019-06-22 13:57:51', '0'),
(30, '2019-06-22 14:57:51', '0'),
(30, '2019-06-22 15:57:51', '0'),
(30, '2019-06-23 12:57:51', '0'),
(30, '2019-06-23 13:57:51', '0'),
(30, '2019-06-23 14:57:51', '0'),
(30, '2019-06-23 15:57:51', '0'),
(30, '2019-06-24 12:57:51', '0'),
(30, '2019-06-24 13:57:51', '0'),
(30, '2019-06-24 14:57:51', '2595'),
(30, '2019-06-24 15:57:51', '0'),
(30, '2019-06-25 12:57:51', '3678'),
(30, '2019-06-25 13:57:51', '3038'),
(30, '2019-06-25 14:57:51', '2910'),
(30, '2019-06-25 15:57:51', '1229'),
(30, '2019-06-26 12:57:51', '1507'),
(30, '2019-06-26 13:57:51', '3214'),
(30, '2019-06-26 14:57:51', '0'),
(30, '2019-06-26 15:57:51', '0'),
(30, '2019-06-27 12:57:51', '0'),
(30, '2019-06-27 13:57:51', '0'),
(30, '2019-06-27 14:57:51', '0'),
(30, '2019-06-27 15:57:51', '1256'),
(30, '2019-06-28 12:57:51', '0'),
(30, '2019-06-28 13:57:51', '0'),
(30, '2019-06-28 14:57:51', '0'),
(30, '2019-06-28 15:57:51', '0'),
(31, '2019-06-21 12:57:51', '140'),
(31, '2019-06-21 13:57:51', '103'),
(31, '2019-06-21 14:57:51', '128'),
(31, '2019-06-21 15:57:51', '178'),
(31, '2019-06-22 12:57:51', '91'),
(31, '2019-06-22 13:57:51', '195'),
(31, '2019-06-22 14:57:51', '178'),
(31, '2019-06-22 15:57:51', '125'),
(31, '2019-06-23 12:57:51', '155'),
(31, '2019-06-23 13:57:51', '144'),
(31, '2019-06-23 14:57:51', '50'),
(31, '2019-06-23 15:57:51', '63'),
(31, '2019-06-24 12:57:51', '186'),
(31, '2019-06-24 13:57:51', '124'),
(31, '2019-06-24 14:57:51', '165'),
(31, '2019-06-24 15:57:51', '130'),
(31, '2019-06-25 12:57:51', '112'),
(31, '2019-06-25 13:57:51', '85'),
(31, '2019-06-25 14:57:51', '112'),
(31, '2019-06-25 15:57:51', '84'),
(31, '2019-06-26 12:57:51', '90'),
(31, '2019-06-26 13:57:51', '199'),
(31, '2019-06-26 14:57:51', '160'),
(31, '2019-06-26 15:57:51', '63'),
(31, '2019-06-27 12:57:51', '200'),
(31, '2019-06-27 13:57:51', '114'),
(31, '2019-06-27 14:57:51', '50'),
(31, '2019-06-27 15:57:51', '127'),
(31, '2019-06-28 12:57:51', '145'),
(31, '2019-06-28 13:57:51', '155'),
(31, '2019-06-28 14:57:51', '50'),
(31, '2019-06-28 15:57:51', '112'),
(32, '2019-06-21 12:57:51', '0'),
(32, '2019-06-21 13:57:51', '0'),
(32, '2019-06-21 14:57:51', '0'),
(32, '2019-06-21 15:57:51', '0'),
(32, '2019-06-22 12:57:51', '0'),
(32, '2019-06-22 13:57:51', '0'),
(32, '2019-06-22 14:57:51', '0'),
(32, '2019-06-22 15:57:51', '0'),
(32, '2019-06-23 12:57:51', '0'),
(32, '2019-06-23 13:57:51', '0'),
(32, '2019-06-23 14:57:51', '0'),
(32, '2019-06-23 15:57:51', '4072'),
(32, '2019-06-24 12:57:51', '0'),
(32, '2019-06-24 13:57:51', '0'),
(32, '2019-06-24 14:57:51', '0'),
(32, '2019-06-24 15:57:51', '2758'),
(32, '2019-06-25 12:57:51', '1549'),
(32, '2019-06-25 13:57:51', '0'),
(32, '2019-06-25 14:57:51', '0'),
(32, '2019-06-25 15:57:51', '0'),
(32, '2019-06-26 12:57:51', '1149'),
(32, '2019-06-26 13:57:51', '0'),
(32, '2019-06-26 14:57:51', '0'),
(32, '2019-06-26 15:57:51', '1236'),
(32, '2019-06-27 12:57:51', '0'),
(32, '2019-06-27 13:57:51', '1642'),
(32, '2019-06-27 14:57:51', '4031'),
(32, '2019-06-27 15:57:51', '0'),
(32, '2019-06-28 12:57:51', '0'),
(32, '2019-06-28 13:57:51', '1488'),
(32, '2019-06-28 14:57:51', '0'),
(32, '2019-06-28 15:57:51', '0'),
(33, '2019-06-21 12:57:51', '83'),
(33, '2019-06-21 13:57:51', '165'),
(33, '2019-06-21 14:57:51', '167'),
(33, '2019-06-21 15:57:51', '182'),
(33, '2019-06-22 12:57:51', '167'),
(33, '2019-06-22 13:57:51', '71'),
(33, '2019-06-22 14:57:51', '175'),
(33, '2019-06-22 15:57:51', '127'),
(33, '2019-06-23 12:57:51', '52'),
(33, '2019-06-23 13:57:51', '89'),
(33, '2019-06-23 14:57:51', '71'),
(33, '2019-06-23 15:57:51', '92'),
(33, '2019-06-24 12:57:51', '197'),
(33, '2019-06-24 13:57:51', '92'),
(33, '2019-06-24 14:57:51', '125'),
(33, '2019-06-24 15:57:51', '62'),
(33, '2019-06-25 12:57:51', '77'),
(33, '2019-06-25 13:57:51', '178'),
(33, '2019-06-25 14:57:51', '78'),
(33, '2019-06-25 15:57:51', '99'),
(33, '2019-06-26 12:57:51', '150'),
(33, '2019-06-26 13:57:51', '69'),
(33, '2019-06-26 14:57:51', '197'),
(33, '2019-06-26 15:57:51', '190'),
(33, '2019-06-27 12:57:51', '195'),
(33, '2019-06-27 13:57:51', '166'),
(33, '2019-06-27 14:57:51', '74'),
(33, '2019-06-27 15:57:51', '92'),
(33, '2019-06-28 12:57:51', '64'),
(33, '2019-06-28 13:57:51', '191'),
(33, '2019-06-28 14:57:51', '127'),
(33, '2019-06-28 15:57:51', '94'),
(34, '2019-06-21 12:57:51', '0'),
(34, '2019-06-21 13:57:51', '0'),
(34, '2019-06-21 14:57:51', '3887'),
(34, '2019-06-21 15:57:51', '0'),
(34, '2019-06-22 12:57:51', '0'),
(34, '2019-06-22 13:57:51', '0'),
(34, '2019-06-22 14:57:51', '0'),
(34, '2019-06-22 15:57:51', '0'),
(34, '2019-06-23 12:57:51', '3765'),
(34, '2019-06-23 13:57:51', '0'),
(34, '2019-06-23 14:57:51', '3194'),
(34, '2019-06-23 15:57:51', '0'),
(34, '2019-06-24 12:57:51', '0'),
(34, '2019-06-24 13:57:51', '3484'),
(34, '2019-06-24 14:57:51', '0'),
(34, '2019-06-24 15:57:51', '0'),
(34, '2019-06-25 12:57:51', '0'),
(34, '2019-06-25 13:57:51', '1937'),
(34, '2019-06-25 14:57:51', '0'),
(34, '2019-06-25 15:57:51', '2756'),
(34, '2019-06-26 12:57:51', '0'),
(34, '2019-06-26 13:57:51', '3572'),
(34, '2019-06-26 14:57:51', '1323'),
(34, '2019-06-26 15:57:51', '4010'),
(34, '2019-06-27 12:57:51', '4151'),
(34, '2019-06-27 13:57:51', '2909'),
(34, '2019-06-27 14:57:51', '0'),
(34, '2019-06-27 15:57:51', '0'),
(34, '2019-06-28 12:57:51', '0'),
(34, '2019-06-28 13:57:51', '0'),
(34, '2019-06-28 14:57:51', '0'),
(34, '2019-06-28 15:57:51', '0'),
(35, '2019-06-21 12:57:51', '183'),
(35, '2019-06-21 13:57:51', '105'),
(35, '2019-06-21 14:57:51', '176'),
(35, '2019-06-21 15:57:51', '101'),
(35, '2019-06-22 12:57:51', '184'),
(35, '2019-06-22 13:57:51', '177'),
(35, '2019-06-22 14:57:51', '76'),
(35, '2019-06-22 15:57:51', '185'),
(35, '2019-06-23 12:57:51', '150'),
(35, '2019-06-23 13:57:51', '162'),
(35, '2019-06-23 14:57:51', '113'),
(35, '2019-06-23 15:57:51', '62'),
(35, '2019-06-24 12:57:51', '180'),
(35, '2019-06-24 13:57:51', '101'),
(35, '2019-06-24 14:57:51', '199'),
(35, '2019-06-24 15:57:51', '188'),
(35, '2019-06-25 12:57:51', '148'),
(35, '2019-06-25 13:57:51', '113'),
(35, '2019-06-25 14:57:51', '168'),
(35, '2019-06-25 15:57:51', '191'),
(35, '2019-06-26 12:57:51', '152'),
(35, '2019-06-26 13:57:51', '90'),
(35, '2019-06-26 14:57:51', '81'),
(35, '2019-06-26 15:57:51', '76'),
(35, '2019-06-27 12:57:51', '64'),
(35, '2019-06-27 13:57:51', '149'),
(35, '2019-06-27 14:57:51', '75'),
(35, '2019-06-27 15:57:51', '74'),
(35, '2019-06-28 12:57:51', '136'),
(35, '2019-06-28 13:57:51', '181'),
(35, '2019-06-28 14:57:51', '60'),
(35, '2019-06-28 15:57:51', '190'),
(36, '2019-06-21 12:57:51', '0'),
(36, '2019-06-21 13:57:51', '0'),
(36, '2019-06-21 14:57:51', '0'),
(36, '2019-06-21 15:57:51', '0'),
(36, '2019-06-22 12:57:51', '3794'),
(36, '2019-06-22 13:57:51', '0'),
(36, '2019-06-22 14:57:51', '0'),
(36, '2019-06-22 15:57:51', '0'),
(36, '2019-06-23 12:57:51', '4195'),
(36, '2019-06-23 13:57:51', '0'),
(36, '2019-06-23 14:57:51', '2206'),
(36, '2019-06-23 15:57:51', '4105'),
(36, '2019-06-24 12:57:51', '0'),
(36, '2019-06-24 13:57:51', '2993'),
(36, '2019-06-24 14:57:51', '0'),
(36, '2019-06-24 15:57:51', '0'),
(36, '2019-06-25 12:57:51', '0'),
(36, '2019-06-25 13:57:51', '0'),
(36, '2019-06-25 14:57:51', '0'),
(36, '2019-06-25 15:57:51', '0'),
(36, '2019-06-26 12:57:51', '0'),
(36, '2019-06-26 13:57:51', '4436'),
(36, '2019-06-26 14:57:51', '2556'),
(36, '2019-06-26 15:57:51', '0'),
(36, '2019-06-27 12:57:51', '0'),
(36, '2019-06-27 13:57:51', '1245'),
(36, '2019-06-27 14:57:51', '0'),
(36, '2019-06-27 15:57:51', '0'),
(36, '2019-06-28 12:57:51', '0'),
(36, '2019-06-28 13:57:51', '0'),
(36, '2019-06-28 14:57:51', '0'),
(36, '2019-06-28 15:57:51', '0'),
(37, '2019-06-21 12:57:51', '70'),
(37, '2019-06-21 13:57:51', '118'),
(37, '2019-06-21 14:57:51', '65'),
(37, '2019-06-21 15:57:51', '155'),
(37, '2019-06-22 12:57:51', '121'),
(37, '2019-06-22 13:57:51', '119'),
(37, '2019-06-22 14:57:51', '124'),
(37, '2019-06-22 15:57:51', '108'),
(37, '2019-06-23 12:57:51', '90'),
(37, '2019-06-23 13:57:51', '100'),
(37, '2019-06-23 14:57:51', '198'),
(37, '2019-06-23 15:57:51', '145'),
(37, '2019-06-24 12:57:51', '76'),
(37, '2019-06-24 13:57:51', '101'),
(37, '2019-06-24 14:57:51', '197'),
(37, '2019-06-24 15:57:51', '121'),
(37, '2019-06-25 12:57:51', '103'),
(37, '2019-06-25 13:57:51', '90'),
(37, '2019-06-25 14:57:51', '107'),
(37, '2019-06-25 15:57:51', '116'),
(37, '2019-06-26 12:57:51', '120'),
(37, '2019-06-26 13:57:51', '110'),
(37, '2019-06-26 14:57:51', '141'),
(37, '2019-06-26 15:57:51', '133'),
(37, '2019-06-27 12:57:51', '149'),
(37, '2019-06-27 13:57:51', '127'),
(37, '2019-06-27 14:57:51', '133'),
(37, '2019-06-27 15:57:51', '104'),
(37, '2019-06-28 12:57:51', '138'),
(37, '2019-06-28 13:57:51', '184'),
(37, '2019-06-28 14:57:51', '145'),
(37, '2019-06-28 15:57:51', '182'),
(38, '2019-06-21 12:57:51', '0'),
(38, '2019-06-21 13:57:51', '0'),
(38, '2019-06-21 14:57:51', '1566'),
(38, '2019-06-21 15:57:51', '0'),
(38, '2019-06-22 12:57:51', '0'),
(38, '2019-06-22 13:57:51', '1000'),
(38, '2019-06-22 14:57:51', '0'),
(38, '2019-06-22 15:57:51', '1277'),
(38, '2019-06-23 12:57:51', '0'),
(38, '2019-06-23 13:57:51', '0'),
(38, '2019-06-23 14:57:51', '0'),
(38, '2019-06-23 15:57:51', '0'),
(38, '2019-06-24 12:57:51', '3603'),
(38, '2019-06-24 13:57:51', '4348'),
(38, '2019-06-24 14:57:51', '3204'),
(38, '2019-06-24 15:57:51', '0'),
(38, '2019-06-25 12:57:51', '0'),
(38, '2019-06-25 13:57:51', '0'),
(38, '2019-06-25 14:57:51', '0'),
(38, '2019-06-25 15:57:51', '0'),
(38, '2019-06-26 12:57:51', '0'),
(38, '2019-06-26 13:57:51', '0'),
(38, '2019-06-26 14:57:51', '0'),
(38, '2019-06-26 15:57:51', '0'),
(38, '2019-06-27 12:57:51', '3892'),
(38, '2019-06-27 13:57:51', '4417'),
(38, '2019-06-27 14:57:51', '0'),
(38, '2019-06-27 15:57:51', '0'),
(38, '2019-06-28 12:57:51', '0'),
(38, '2019-06-28 13:57:51', '2333'),
(38, '2019-06-28 14:57:51', '0'),
(38, '2019-06-28 15:57:51', '4189'),
(39, '2019-06-21 12:57:51', '177'),
(39, '2019-06-21 13:57:51', '61'),
(39, '2019-06-21 14:57:51', '197'),
(39, '2019-06-21 15:57:51', '157'),
(39, '2019-06-22 12:57:51', '129'),
(39, '2019-06-22 13:57:51', '57'),
(39, '2019-06-22 14:57:51', '90'),
(39, '2019-06-22 15:57:51', '108'),
(39, '2019-06-23 12:57:51', '138'),
(39, '2019-06-23 13:57:51', '199'),
(39, '2019-06-23 14:57:51', '156'),
(39, '2019-06-23 15:57:51', '103'),
(39, '2019-06-24 12:57:51', '191'),
(39, '2019-06-24 13:57:51', '115'),
(39, '2019-06-24 14:57:51', '193'),
(39, '2019-06-24 15:57:51', '185'),
(39, '2019-06-25 12:57:51', '198'),
(39, '2019-06-25 13:57:51', '110'),
(39, '2019-06-25 14:57:51', '72'),
(39, '2019-06-25 15:57:51', '170'),
(39, '2019-06-26 12:57:51', '144'),
(39, '2019-06-26 13:57:51', '114'),
(39, '2019-06-26 14:57:51', '195'),
(39, '2019-06-26 15:57:51', '101'),
(39, '2019-06-27 12:57:51', '92'),
(39, '2019-06-27 13:57:51', '133'),
(39, '2019-06-27 14:57:51', '132'),
(39, '2019-06-27 15:57:51', '95'),
(39, '2019-06-28 12:57:51', '176'),
(39, '2019-06-28 13:57:51', '94'),
(39, '2019-06-28 14:57:51', '135'),
(39, '2019-06-28 15:57:51', '195'),
(40, '2019-06-21 12:57:51', '3936'),
(40, '2019-06-21 13:57:51', '1446'),
(40, '2019-06-21 14:57:51', '0'),
(40, '2019-06-21 15:57:51', '0'),
(40, '2019-06-22 12:57:51', '0'),
(40, '2019-06-22 13:57:51', '1570'),
(40, '2019-06-22 14:57:51', '0'),
(40, '2019-06-22 15:57:51', '0'),
(40, '2019-06-23 12:57:51', '1586'),
(40, '2019-06-23 13:57:51', '0'),
(40, '2019-06-23 14:57:51', '0'),
(40, '2019-06-23 15:57:51', '0'),
(40, '2019-06-24 12:57:51', '0'),
(40, '2019-06-24 13:57:51', '0'),
(40, '2019-06-24 14:57:51', '0'),
(40, '2019-06-24 15:57:51', '2938'),
(40, '2019-06-25 12:57:51', '2468'),
(40, '2019-06-25 13:57:51', '0'),
(40, '2019-06-25 14:57:51', '0'),
(40, '2019-06-25 15:57:51', '0'),
(40, '2019-06-26 12:57:51', '0'),
(40, '2019-06-26 13:57:51', '0'),
(40, '2019-06-26 14:57:51', '0'),
(40, '2019-06-26 15:57:51', '2800'),
(40, '2019-06-27 12:57:51', '4216'),
(40, '2019-06-27 13:57:51', '0'),
(40, '2019-06-27 14:57:51', '0'),
(40, '2019-06-27 15:57:51', '0'),
(40, '2019-06-28 12:57:51', '0'),
(40, '2019-06-28 13:57:51', '1464'),
(40, '2019-06-28 14:57:51', '0'),
(40, '2019-06-28 15:57:51', '0'),
(41, '2019-06-21 12:57:51', '110'),
(41, '2019-06-21 13:57:51', '56'),
(41, '2019-06-21 14:57:51', '159'),
(41, '2019-06-21 15:57:51', '72'),
(41, '2019-06-22 12:57:51', '186'),
(41, '2019-06-22 13:57:51', '177'),
(41, '2019-06-22 14:57:51', '71'),
(41, '2019-06-22 15:57:51', '53'),
(41, '2019-06-23 12:57:51', '105'),
(41, '2019-06-23 13:57:51', '81'),
(41, '2019-06-23 14:57:51', '120'),
(41, '2019-06-23 15:57:51', '160'),
(41, '2019-06-24 12:57:51', '133'),
(41, '2019-06-24 13:57:51', '56'),
(41, '2019-06-24 14:57:51', '83'),
(41, '2019-06-24 15:57:51', '190'),
(41, '2019-06-25 12:57:51', '164'),
(41, '2019-06-25 13:57:51', '165'),
(41, '2019-06-25 14:57:51', '116'),
(41, '2019-06-25 15:57:51', '167'),
(41, '2019-06-26 12:57:51', '164'),
(41, '2019-06-26 13:57:51', '91'),
(41, '2019-06-26 14:57:51', '150'),
(41, '2019-06-26 15:57:51', '189'),
(41, '2019-06-27 12:57:51', '176'),
(41, '2019-06-27 13:57:51', '197'),
(41, '2019-06-27 14:57:51', '188'),
(41, '2019-06-27 15:57:51', '129'),
(41, '2019-06-28 12:57:51', '165'),
(41, '2019-06-28 13:57:51', '167'),
(41, '2019-06-28 14:57:51', '159'),
(41, '2019-06-28 15:57:51', '87'),
(42, '2019-06-21 12:57:51', '0'),
(42, '2019-06-21 13:57:51', '2432'),
(42, '2019-06-21 14:57:51', '0'),
(42, '2019-06-21 15:57:51', '2820'),
(42, '2019-06-22 12:57:51', '0'),
(42, '2019-06-22 13:57:51', '2344'),
(42, '2019-06-22 14:57:51', '0'),
(42, '2019-06-22 15:57:51', '0'),
(42, '2019-06-23 12:57:51', '0'),
(42, '2019-06-23 13:57:51', '0'),
(42, '2019-06-23 14:57:51', '0'),
(42, '2019-06-23 15:57:51', '0'),
(42, '2019-06-24 12:57:51', '0'),
(42, '2019-06-24 13:57:51', '0'),
(42, '2019-06-24 14:57:51', '0'),
(42, '2019-06-24 15:57:51', '0'),
(42, '2019-06-25 12:57:51', '0'),
(42, '2019-06-25 13:57:51', '0'),
(42, '2019-06-25 14:57:51', '0'),
(42, '2019-06-25 15:57:51', '0'),
(42, '2019-06-26 12:57:51', '0'),
(42, '2019-06-26 13:57:51', '0'),
(42, '2019-06-26 14:57:51', '0'),
(42, '2019-06-26 15:57:51', '0'),
(42, '2019-06-27 12:57:51', '2762'),
(42, '2019-06-27 13:57:51', '0'),
(42, '2019-06-27 14:57:51', '3152'),
(42, '2019-06-27 15:57:51', '0'),
(42, '2019-06-28 12:57:51', '0'),
(42, '2019-06-28 13:57:51', '0'),
(42, '2019-06-28 14:57:51', '2438'),
(42, '2019-06-28 15:57:51', '0'),
(43, '2019-06-21 12:57:51', '162'),
(43, '2019-06-21 13:57:51', '112'),
(43, '2019-06-21 14:57:51', '167'),
(43, '2019-06-21 15:57:51', '171'),
(43, '2019-06-22 12:57:51', '160'),
(43, '2019-06-22 13:57:51', '124'),
(43, '2019-06-22 14:57:51', '72'),
(43, '2019-06-22 15:57:51', '64'),
(43, '2019-06-23 12:57:51', '133'),
(43, '2019-06-23 13:57:51', '64'),
(43, '2019-06-23 14:57:51', '153'),
(43, '2019-06-23 15:57:51', '57'),
(43, '2019-06-24 12:57:51', '163'),
(43, '2019-06-24 13:57:51', '182'),
(43, '2019-06-24 14:57:51', '152'),
(43, '2019-06-24 15:57:51', '60'),
(43, '2019-06-25 12:57:51', '103'),
(43, '2019-06-25 13:57:51', '199'),
(43, '2019-06-25 14:57:51', '185'),
(43, '2019-06-25 15:57:51', '60'),
(43, '2019-06-26 12:57:51', '184'),
(43, '2019-06-26 13:57:51', '64'),
(43, '2019-06-26 14:57:51', '145'),
(43, '2019-06-26 15:57:51', '117'),
(43, '2019-06-27 12:57:51', '109'),
(43, '2019-06-27 13:57:51', '101'),
(43, '2019-06-27 14:57:51', '150'),
(43, '2019-06-27 15:57:51', '66'),
(43, '2019-06-28 12:57:51', '109'),
(43, '2019-06-28 13:57:51', '109'),
(43, '2019-06-28 14:57:51', '90'),
(43, '2019-06-28 15:57:51', '120'),
(44, '2019-06-21 12:57:51', '0'),
(44, '2019-06-21 13:57:51', '0'),
(44, '2019-06-21 14:57:51', '2442'),
(44, '2019-06-21 15:57:51', '0'),
(44, '2019-06-22 12:57:51', '0'),
(44, '2019-06-22 13:57:51', '2300'),
(44, '2019-06-22 14:57:51', '0'),
(44, '2019-06-22 15:57:51', '0'),
(44, '2019-06-23 12:57:51', '3766'),
(44, '2019-06-23 13:57:51', '0'),
(44, '2019-06-23 14:57:51', '0'),
(44, '2019-06-23 15:57:51', '0'),
(44, '2019-06-24 12:57:51', '2172'),
(44, '2019-06-24 13:57:51', '3730'),
(44, '2019-06-24 14:57:51', '2360'),
(44, '2019-06-24 15:57:51', '0'),
(44, '2019-06-25 12:57:51', '0'),
(44, '2019-06-25 13:57:51', '0'),
(44, '2019-06-25 14:57:51', '1234'),
(44, '2019-06-25 15:57:51', '0'),
(44, '2019-06-26 12:57:51', '0'),
(44, '2019-06-26 13:57:51', '0'),
(44, '2019-06-26 14:57:51', '1133'),
(44, '2019-06-26 15:57:51', '0'),
(44, '2019-06-27 12:57:51', '0'),
(44, '2019-06-27 13:57:51', '0'),
(44, '2019-06-27 14:57:51', '0'),
(44, '2019-06-27 15:57:51', '4249'),
(44, '2019-06-28 12:57:51', '0'),
(44, '2019-06-28 13:57:51', '0'),
(44, '2019-06-28 14:57:51', '0'),
(44, '2019-06-28 15:57:51', '0'),
(45, '2019-06-21 12:57:51', '91'),
(45, '2019-06-21 13:57:51', '183'),
(45, '2019-06-21 14:57:51', '126'),
(45, '2019-06-21 15:57:51', '62'),
(45, '2019-06-22 12:57:51', '75'),
(45, '2019-06-22 13:57:51', '134'),
(45, '2019-06-22 14:57:51', '113'),
(45, '2019-06-22 15:57:51', '123'),
(45, '2019-06-23 12:57:51', '51'),
(45, '2019-06-23 13:57:51', '51'),
(45, '2019-06-23 14:57:51', '132'),
(45, '2019-06-23 15:57:51', '125'),
(45, '2019-06-24 12:57:51', '156'),
(45, '2019-06-24 13:57:51', '167'),
(45, '2019-06-24 14:57:51', '130'),
(45, '2019-06-24 15:57:51', '109'),
(45, '2019-06-25 12:57:51', '148'),
(45, '2019-06-25 13:57:51', '182'),
(45, '2019-06-25 14:57:51', '131'),
(45, '2019-06-25 15:57:51', '195'),
(45, '2019-06-26 12:57:51', '164'),
(45, '2019-06-26 13:57:51', '179'),
(45, '2019-06-26 14:57:51', '83'),
(45, '2019-06-26 15:57:51', '123'),
(45, '2019-06-27 12:57:51', '115'),
(45, '2019-06-27 13:57:51', '162'),
(45, '2019-06-27 14:57:51', '162'),
(45, '2019-06-27 15:57:51', '161'),
(45, '2019-06-28 12:57:51', '138'),
(45, '2019-06-28 13:57:51', '59'),
(45, '2019-06-28 14:57:51', '164'),
(45, '2019-06-28 15:57:51', '50'),
(46, '2019-06-21 12:57:51', '0'),
(46, '2019-06-21 13:57:51', '0'),
(46, '2019-06-21 14:57:51', '0'),
(46, '2019-06-21 15:57:51', '0'),
(46, '2019-06-22 12:57:51', '0'),
(46, '2019-06-22 13:57:51', '0'),
(46, '2019-06-22 14:57:51', '0'),
(46, '2019-06-22 15:57:51', '0'),
(46, '2019-06-23 12:57:51', '0'),
(46, '2019-06-23 13:57:51', '0'),
(46, '2019-06-23 14:57:51', '0'),
(46, '2019-06-23 15:57:51', '0'),
(46, '2019-06-24 12:57:51', '0'),
(46, '2019-06-24 13:57:51', '0'),
(46, '2019-06-24 14:57:51', '0'),
(46, '2019-06-24 15:57:51', '3337'),
(46, '2019-06-25 12:57:51', '3135'),
(46, '2019-06-25 13:57:51', '0'),
(46, '2019-06-25 14:57:51', '0'),
(46, '2019-06-25 15:57:51', '0'),
(46, '2019-06-26 12:57:51', '0'),
(46, '2019-06-26 13:57:51', '0'),
(46, '2019-06-26 14:57:51', '0'),
(46, '2019-06-26 15:57:51', '0'),
(46, '2019-06-27 12:57:51', '0'),
(46, '2019-06-27 13:57:51', '1714'),
(46, '2019-06-27 14:57:51', '1871'),
(46, '2019-06-27 15:57:51', '0'),
(46, '2019-06-28 12:57:51', '0'),
(46, '2019-06-28 13:57:51', '0'),
(46, '2019-06-28 14:57:51', '0'),
(46, '2019-06-28 15:57:51', '0'),
(47, '2019-06-21 12:57:51', '153'),
(47, '2019-06-21 13:57:51', '107'),
(47, '2019-06-21 14:57:51', '134'),
(47, '2019-06-21 15:57:51', '69'),
(47, '2019-06-22 12:57:51', '155'),
(47, '2019-06-22 13:57:51', '138'),
(47, '2019-06-22 14:57:51', '174'),
(47, '2019-06-22 15:57:51', '161'),
(47, '2019-06-23 12:57:51', '164'),
(47, '2019-06-23 13:57:51', '56'),
(47, '2019-06-23 14:57:51', '147'),
(47, '2019-06-23 15:57:51', '151'),
(47, '2019-06-24 12:57:51', '88'),
(47, '2019-06-24 13:57:51', '166'),
(47, '2019-06-24 14:57:51', '76'),
(47, '2019-06-24 15:57:51', '157'),
(47, '2019-06-25 12:57:51', '65'),
(47, '2019-06-25 13:57:51', '98'),
(47, '2019-06-25 14:57:51', '60'),
(47, '2019-06-25 15:57:51', '71'),
(47, '2019-06-26 12:57:51', '156'),
(47, '2019-06-26 13:57:51', '156'),
(47, '2019-06-26 14:57:51', '122'),
(47, '2019-06-26 15:57:51', '162'),
(47, '2019-06-27 12:57:51', '196'),
(47, '2019-06-27 13:57:51', '120'),
(47, '2019-06-27 14:57:51', '61'),
(47, '2019-06-27 15:57:51', '170'),
(47, '2019-06-28 12:57:51', '95'),
(47, '2019-06-28 13:57:51', '145'),
(47, '2019-06-28 14:57:51', '50'),
(47, '2019-06-28 15:57:51', '62'),
(48, '2019-06-21 12:57:51', '0'),
(48, '2019-06-21 13:57:51', '0'),
(48, '2019-06-21 14:57:51', '0'),
(48, '2019-06-21 15:57:51', '0'),
(48, '2019-06-22 12:57:51', '3337'),
(48, '2019-06-22 13:57:51', '0');
INSERT INTO `pumpEvent` (`pump_id`, `time`, `volume`) VALUES
(48, '2019-06-22 14:57:51', '4231'),
(48, '2019-06-22 15:57:51', '0'),
(48, '2019-06-23 12:57:51', '3028'),
(48, '2019-06-23 13:57:51', '0'),
(48, '2019-06-23 14:57:51', '1868'),
(48, '2019-06-23 15:57:51', '0'),
(48, '2019-06-24 12:57:51', '0'),
(48, '2019-06-24 13:57:51', '0'),
(48, '2019-06-24 14:57:51', '0'),
(48, '2019-06-24 15:57:51', '0'),
(48, '2019-06-25 12:57:51', '0'),
(48, '2019-06-25 13:57:51', '4392'),
(48, '2019-06-25 14:57:51', '0'),
(48, '2019-06-25 15:57:51', '0'),
(48, '2019-06-26 12:57:51', '0'),
(48, '2019-06-26 13:57:51', '0'),
(48, '2019-06-26 14:57:51', '0'),
(48, '2019-06-26 15:57:51', '0'),
(48, '2019-06-27 12:57:51', '2513'),
(48, '2019-06-27 13:57:51', '0'),
(48, '2019-06-27 14:57:51', '3225'),
(48, '2019-06-27 15:57:51', '0'),
(48, '2019-06-28 12:57:51', '0'),
(48, '2019-06-28 13:57:51', '0'),
(48, '2019-06-28 14:57:51', '4107'),
(48, '2019-06-28 15:57:51', '0'),
(49, '2019-06-21 12:57:51', '64'),
(49, '2019-06-21 13:57:51', '191'),
(49, '2019-06-21 14:57:51', '149'),
(49, '2019-06-21 15:57:51', '174'),
(49, '2019-06-22 12:57:51', '187'),
(49, '2019-06-22 13:57:51', '53'),
(49, '2019-06-22 14:57:51', '155'),
(49, '2019-06-22 15:57:51', '73'),
(49, '2019-06-23 12:57:51', '194'),
(49, '2019-06-23 13:57:51', '94'),
(49, '2019-06-23 14:57:51', '196'),
(49, '2019-06-23 15:57:51', '87'),
(49, '2019-06-24 12:57:51', '144'),
(49, '2019-06-24 13:57:51', '168'),
(49, '2019-06-24 14:57:51', '147'),
(49, '2019-06-24 15:57:51', '184'),
(49, '2019-06-25 12:57:51', '176'),
(49, '2019-06-25 13:57:51', '53'),
(49, '2019-06-25 14:57:51', '105'),
(49, '2019-06-25 15:57:51', '103'),
(49, '2019-06-26 12:57:51', '199'),
(49, '2019-06-26 13:57:51', '55'),
(49, '2019-06-26 14:57:51', '96'),
(49, '2019-06-26 15:57:51', '114'),
(49, '2019-06-27 12:57:51', '200'),
(49, '2019-06-27 13:57:51', '105'),
(49, '2019-06-27 14:57:51', '65'),
(49, '2019-06-27 15:57:51', '109'),
(49, '2019-06-28 12:57:51', '88'),
(49, '2019-06-28 13:57:51', '54'),
(49, '2019-06-28 14:57:51', '189'),
(49, '2019-06-28 15:57:51', '53'),
(50, '2019-06-21 12:57:51', '0'),
(50, '2019-06-21 13:57:51', '0'),
(50, '2019-06-21 14:57:51', '0'),
(50, '2019-06-21 15:57:51', '0'),
(50, '2019-06-22 12:57:51', '3245'),
(50, '2019-06-22 13:57:51', '0'),
(50, '2019-06-22 14:57:51', '0'),
(50, '2019-06-22 15:57:51', '0'),
(50, '2019-06-23 12:57:51', '0'),
(50, '2019-06-23 13:57:51', '4104'),
(50, '2019-06-23 14:57:51', '0'),
(50, '2019-06-23 15:57:51', '0'),
(50, '2019-06-24 12:57:51', '0'),
(50, '2019-06-24 13:57:51', '4179'),
(50, '2019-06-24 14:57:51', '1927'),
(50, '2019-06-24 15:57:51', '0'),
(50, '2019-06-25 12:57:51', '3595'),
(50, '2019-06-25 13:57:51', '1542'),
(50, '2019-06-25 14:57:51', '0'),
(50, '2019-06-25 15:57:51', '0'),
(50, '2019-06-26 12:57:51', '0'),
(50, '2019-06-26 13:57:51', '0'),
(50, '2019-06-26 14:57:51', '2034'),
(50, '2019-06-26 15:57:51', '0'),
(50, '2019-06-27 12:57:51', '0'),
(50, '2019-06-27 13:57:51', '0'),
(50, '2019-06-27 14:57:51', '1354'),
(50, '2019-06-27 15:57:51', '3449'),
(50, '2019-06-28 12:57:51', '0'),
(50, '2019-06-28 13:57:51', '0'),
(50, '2019-06-28 14:57:51', '2780'),
(50, '2019-06-28 15:57:51', '0');

--
-- Indizes der exportierten Tabellen
--

--
-- Indizes für die Tabelle `cistern`
--
ALTER TABLE `cistern`
  ADD PRIMARY KEY (`id`,`cluster_id`,`pump_private`,`pump_public`),
  ADD UNIQUE KEY `id_UNIQUE` (`id`),
  ADD KEY `fk_cistern_cluster_idx` (`cluster_id`),
  ADD KEY `fk_cistern_pump1_idx` (`pump_private`),
  ADD KEY `fk_cistern_pump2_idx` (`pump_public`);

--
-- Indizes für die Tabelle `cluster`
--
ALTER TABLE `cluster`
  ADD PRIMARY KEY (`id`);

--
-- Indizes für die Tabelle `pump`
--
ALTER TABLE `pump`
  ADD PRIMARY KEY (`id`);

--
-- Indizes für die Tabelle `pumpEvent`
--
ALTER TABLE `pumpEvent`
  ADD PRIMARY KEY (`pump_id`,`time`);

--
-- AUTO_INCREMENT für exportierte Tabellen
--

--
-- AUTO_INCREMENT für Tabelle `cistern`
--
ALTER TABLE `cistern`
  MODIFY `id` int(11) NOT NULL AUTO_INCREMENT, AUTO_INCREMENT=26;

--
-- AUTO_INCREMENT für Tabelle `cluster`
--
ALTER TABLE `cluster`
  MODIFY `id` int(11) NOT NULL AUTO_INCREMENT, AUTO_INCREMENT=6;

--
-- AUTO_INCREMENT für Tabelle `pump`
--
ALTER TABLE `pump`
  MODIFY `id` int(11) NOT NULL AUTO_INCREMENT, AUTO_INCREMENT=51;

--
-- Constraints der exportierten Tabellen
--

--
-- Constraints der Tabelle `cistern`
--
ALTER TABLE `cistern`
  ADD CONSTRAINT `fk_cistern_cluster` FOREIGN KEY (`cluster_id`) REFERENCES `cluster` (`id`) ON DELETE NO ACTION ON UPDATE NO ACTION,
  ADD CONSTRAINT `fk_cistern_pump1` FOREIGN KEY (`pump_private`) REFERENCES `pump` (`id`) ON DELETE NO ACTION ON UPDATE NO ACTION,
  ADD CONSTRAINT `fk_cistern_pump2` FOREIGN KEY (`pump_public`) REFERENCES `pump` (`id`) ON DELETE NO ACTION ON UPDATE NO ACTION;

--
-- Constraints der Tabelle `pumpEvent`
--
ALTER TABLE `pumpEvent`
  ADD CONSTRAINT `fk_pumpEvent_pump1` FOREIGN KEY (`pump_id`) REFERENCES `pump` (`id`) ON DELETE NO ACTION ON UPDATE NO ACTION;
COMMIT;

/*!40101 SET CHARACTER_SET_CLIENT=@OLD_CHARACTER_SET_CLIENT */;
/*!40101 SET CHARACTER_SET_RESULTS=@OLD_CHARACTER_SET_RESULTS */;
/*!40101 SET COLLATION_CONNECTION=@OLD_COLLATION_CONNECTION */;
